"","countrycode","regioncode","population_region","estprop_regs","meanprop_regs","sumreach_regs","meanprop_regs_agg","estprop_regs_agg","population_country","estprop_country","meanprop_country","sumreach_country","estprop_country_rhs","meanprop_country_rhs","sumreach_country_rhs","meanprop_country_agg","estprop_country_agg"
"1","PT","Alentejo",437970,NA,NA,0,NA,NA,10561097,0.00272975432211101,0.003125,4396,0.000632352899578482,0.000600776341910525,1905,0.00236184398212023,0.00209564073539073
"2","PT","Algarve",451006,NA,NA,0,NA,NA,10561097,0.00272975432211101,0.003125,4396,0.000632352899578482,0.000600776341910525,1905,0.00236184398212023,0.00209564073539073
"3","PT","Centro",1711875,NA,NA,0,NA,NA,10561097,0.00272975432211101,0.003125,4396,0.000632352899578482,0.000600776341910525,1905,0.00236184398212023,0.00209564073539073
"4","PT","Lisboa",3101791,NA,NA,0,NA,NA,10561097,0.00272975432211101,0.003125,4396,0.000632352899578482,0.000600776341910525,1905,0.00236184398212023,0.00209564073539073
"5","PT","Norte",4344904,NA,NA,0,NA,NA,10561097,0.00272975432211101,0.003125,4396,0.000632352899578482,0.000600776341910525,1905,0.00236184398212023,0.00209564073539073
"6","PT","PT20",245766,0.024,0.022962962962963,875,0.022962962962963,0.024,10561097,0.00272975432211101,0.003125,4396,0.000632352899578482,0.000600776341910525,1905,0.00236184398212023,0.00209564073539073
"7","PT","PT30",267785,0.0029126213592233,0.00261904761904762,1030,0.00261904761904762,0.0029126213592233,10561097,0.00272975432211101,0.003125,4396,0.000632352899578482,0.000600776341910525,1905,0.00236184398212023,0.00209564073539073
