"","countrycode","regioncode","population_region","p_w_regs_only","p_m_regs_only","sumreach_regs","p_w_regs","p_m_regs","population_country","p_w_country_only","p_m_country_only","sumreach_country","p_w_country_rhs","p_m_country_rhs","sumreach_country_rhs","p_w_country","p_m_country"
"1","PT","Alentejo",437970,NA,NA,0,NA,NA,10561097,0.00181818181818182,0.00181818181818182,1100,0,0,200,0.00153846153846154,0.00153846153846154
"2","PT","Algarve",451006,NA,NA,0,NA,NA,10561097,0.00181818181818182,0.00181818181818182,1100,0,0,200,0.00153846153846154,0.00153846153846154
"3","PT","Centro",1711875,NA,NA,0,NA,NA,10561097,0.00181818181818182,0.00181818181818182,1100,0,0,200,0.00153846153846154,0.00153846153846154
"4","PT","Lisboa",3101791,NA,NA,0,NA,NA,10561097,0.00181818181818182,0.00181818181818182,1100,0,0,200,0.00153846153846154,0.00153846153846154
"5","PT","Norte",4344904,NA,NA,0,NA,NA,10561097,0.00181818181818182,0.00181818181818182,1100,0,0,200,0.00153846153846154,0.00153846153846154
"6","PT","PT20",245766,0,0,100,0,0,10561097,0.00181818181818182,0.00181818181818182,1100,0,0,200,0.00153846153846154,0.00153846153846154
"7","PT","PT30",267785,0,0,100,0,0,10561097,0.00181818181818182,0.00181818181818182,1100,0,0,200,0.00153846153846154,0.00153846153846154
