"","countrycode","regioncode","population_region","estprop_regs","meanprop_regs","sumreach_regs","meanprop_regs_agg","estprop_regs_agg","population_country","estprop_country","meanprop_country","sumreach_country","estprop_country_rhs","meanprop_country_rhs","sumreach_country_rhs","meanprop_country_agg","estprop_country_agg"
"1","PT","Alentejo",437970,NA,NA,0,NA,NA,10561097,0.00246845858475041,0.00292682926829268,3646,0.000445756154399719,0.000432079892716652,1650,0.00214957540316798,0.00183827372635188
"2","PT","Algarve",451006,NA,NA,0,NA,NA,10561097,0.00246845858475041,0.00292682926829268,3646,0.000445756154399719,0.000432079892716652,1650,0.00214957540316798,0.00183827372635188
"3","PT","Centro",1711875,NA,NA,0,NA,NA,10561097,0.00246845858475041,0.00292682926829268,3646,0.000445756154399719,0.000432079892716652,1650,0.00214957540316798,0.00183827372635188
"4","PT","Lisboa",3101791,NA,NA,0,NA,NA,10561097,0.00246845858475041,0.00292682926829268,3646,0.000445756154399719,0.000432079892716652,1650,0.00214957540316798,0.00183827372635188
"5","PT","Norte",4344904,NA,NA,0,NA,NA,10561097,0.00246845858475041,0.00292682926829268,3646,0.000445756154399719,0.000432079892716652,1650,0.00214957540316798,0.00183827372635188
"6","PT","PT20",245766,0.0157142857142857,0.0152380952380952,700,0.0152380952380952,0.0157142857142857,10561097,0.00246845858475041,0.00292682926829268,3646,0.000445756154399719,0.000432079892716652,1650,0.00214957540316798,0.00183827372635188
"7","PT","PT30",267785,0.00315789473684211,0.00305555555555556,950,0.00305555555555556,0.00315789473684211,10561097,0.00246845858475041,0.00292682926829268,3646,0.000445756154399719,0.000432079892716652,1650,0.00214957540316798,0.00183827372635188
