"","countrycode","regioncode","population_region","estprop_regs","meanprop_regs","sumreach_regs","meanprop_regs_agg","estprop_regs_agg","population_country","estprop_country","meanprop_country","sumreach_country","estprop_country_rhs","meanprop_country_rhs","sumreach_country_rhs","meanprop_country_agg","estprop_country_agg"
"1","PT","Alentejo",437970,NA,NA,0,NA,NA,10561097,0.00296589223924864,0.00333333333333333,4046,0.000638572000816323,0.000611844347230217,1825,0.0024873586442449,0.00224244488187528
"2","PT","Algarve",451006,NA,NA,0,NA,NA,10561097,0.00296589223924864,0.00333333333333333,4046,0.000638572000816323,0.000611844347230217,1825,0.0024873586442449,0.00224244488187528
"3","PT","Centro",1711875,NA,NA,0,NA,NA,10561097,0.00296589223924864,0.00333333333333333,4046,0.000638572000816323,0.000611844347230217,1825,0.0024873586442449,0.00224244488187528
"4","PT","Lisboa",3101791,NA,NA,0,NA,NA,10561097,0.00296589223924864,0.00333333333333333,4046,0.000638572000816323,0.000611844347230217,1825,0.0024873586442449,0.00224244488187528
"5","PT","Norte",4344904,NA,NA,0,NA,NA,10561097,0.00296589223924864,0.00333333333333333,4046,0.000638572000816323,0.000611844347230217,1825,0.0024873586442449,0.00224244488187528
"6","PT","PT20",245766,0.024,0.022962962962963,875,0.022962962962963,0.024,10561097,0.00296589223924864,0.00333333333333333,4046,0.000638572000816323,0.000611844347230217,1825,0.0024873586442449,0.00224244488187528
"7","PT","PT30",267785,0.00315789473684211,0.00305555555555556,950,0.00305555555555556,0.00315789473684211,10561097,0.00296589223924864,0.00333333333333333,4046,0.000638572000816323,0.000611844347230217,1825,0.0024873586442449,0.00224244488187528
