"","countrycode","regioncode","population_region","p_w_regs_only","p_m_regs_only","sumreach_regs","p_w_regs","p_m_regs","population_country","p_w_country_only","p_m_country_only","sumreach_country","p_w_country_rhs","p_m_country_rhs","sumreach_country_rhs","p_w_country","p_m_country"
"1","PT","Alentejo",437970,NA,NA,0,NA,NA,10561097,0.00207756232686981,0.0028125,2888,0.00056794240400206,0.000612659453527097,1210,0.00163182291577416,0.0021629619177081
"2","PT","Algarve",451006,NA,NA,0,NA,NA,10561097,0.00207756232686981,0.0028125,2888,0.00056794240400206,0.000612659453527097,1210,0.00163182291577416,0.0021629619177081
"3","PT","Centro",1711875,NA,NA,0,NA,NA,10561097,0.00207756232686981,0.0028125,2888,0.00056794240400206,0.000612659453527097,1210,0.00163182291577416,0.0021629619177081
"4","PT","Lisboa",3101791,NA,NA,0,NA,NA,10561097,0.00207756232686981,0.0028125,2888,0.00056794240400206,0.000612659453527097,1210,0.00163182291577416,0.0021629619177081
"5","PT","Norte",4344904,NA,NA,0,NA,NA,10561097,0.00207756232686981,0.0028125,2888,0.00056794240400206,0.000612659453527097,1210,0.00163182291577416,0.0021629619177081
"6","PT","PT20",245766,0.0192982456140351,0.0213333333333333,570,0.0192982456140351,0.0213333333333333,10561097,0.00207756232686981,0.0028125,2888,0.00056794240400206,0.000612659453527097,1210,0.00163182291577416,0.0021629619177081
"7","PT","PT30",267785,0.0046875,0.00458333333333333,640,0.0046875,0.00458333333333333,10561097,0.00207756232686981,0.0028125,2888,0.00056794240400206,0.000612659453527097,1210,0.00163182291577416,0.0021629619177081
