"","countrycode","regioncode","population_region","p_w_regs_only","p_m_regs_only","sumreach_regs","p_w_regs","p_m_regs","population_country","p_w_country_only","p_m_country_only","sumreach_country","p_w_country_rhs","p_m_country_rhs","sumreach_country_rhs","p_w_country","p_m_country"
"1","PT","Alentejo",437970,NA,NA,0,NA,NA,10561097,0.00296589223924864,0.00333333333333333,4046,0.000636120849945796,0.000605884652058075,1855,0.00223352045020326,0.00247595029592178
"2","PT","Algarve",451006,NA,NA,0,NA,NA,10561097,0.00296589223924864,0.00333333333333333,4046,0.000636120849945796,0.000605884652058075,1855,0.00223352045020326,0.00247595029592178
"3","PT","Centro",1711875,NA,NA,0,NA,NA,10561097,0.00296589223924864,0.00333333333333333,4046,0.000636120849945796,0.000605884652058075,1855,0.00223352045020326,0.00247595029592178
"4","PT","Lisboa",3101791,NA,NA,0,NA,NA,10561097,0.00296589223924864,0.00333333333333333,4046,0.000636120849945796,0.000605884652058075,1855,0.00223352045020326,0.00247595029592178
"5","PT","Norte",4344904,NA,NA,0,NA,NA,10561097,0.00296589223924864,0.00333333333333333,4046,0.000636120849945796,0.000605884652058075,1855,0.00223352045020326,0.00247595029592178
"6","PT","PT20",245766,0.024,0.022962962962963,875,0.024,0.022962962962963,10561097,0.00296589223924864,0.00333333333333333,4046,0.000636120849945796,0.000605884652058075,1855,0.00223352045020326,0.00247595029592178
"7","PT","PT30",267785,0.00306122448979592,0.00282051282051282,980,0.00306122448979592,0.00282051282051282,10561097,0.00296589223924864,0.00333333333333333,4046,0.000636120849945796,0.000605884652058075,1855,0.00223352045020326,0.00247595029592178
