"","countrycode","regioncode","population_region","p_w_regs_only","p_m_regs_only","sumreach_regs","p_w_regs","p_m_regs","population_country","p_w_country_only","p_m_country_only","sumreach_country","p_w_country_rhs","p_m_country_rhs","sumreach_country_rhs","p_w_country","p_m_country"
"1","PT","Alentejo",437970,NA,NA,0,NA,NA,10561097,0.00304105423213381,0.00340909090909091,3946,0.000638572000816323,0.000611844347230217,1825,0.0022813020103084,0.00252449985461235
"2","PT","Algarve",451006,NA,NA,0,NA,NA,10561097,0.00304105423213381,0.00340909090909091,3946,0.000638572000816323,0.000611844347230217,1825,0.0022813020103084,0.00252449985461235
"3","PT","Centro",1711875,NA,NA,0,NA,NA,10561097,0.00304105423213381,0.00340909090909091,3946,0.000638572000816323,0.000611844347230217,1825,0.0022813020103084,0.00252449985461235
"4","PT","Lisboa",3101791,NA,NA,0,NA,NA,10561097,0.00304105423213381,0.00340909090909091,3946,0.000638572000816323,0.000611844347230217,1825,0.0022813020103084,0.00252449985461235
"5","PT","Norte",4344904,NA,NA,0,NA,NA,10561097,0.00304105423213381,0.00340909090909091,3946,0.000638572000816323,0.000611844347230217,1825,0.0022813020103084,0.00252449985461235
"6","PT","PT20",245766,0.024,0.022962962962963,875,0.024,0.022962962962963,10561097,0.00304105423213381,0.00340909090909091,3946,0.000638572000816323,0.000611844347230217,1825,0.0022813020103084,0.00252449985461235
"7","PT","PT30",267785,0.00315789473684211,0.00305555555555556,950,0.00315789473684211,0.00305555555555556,10561097,0.00304105423213381,0.00340909090909091,3946,0.000638572000816323,0.000611844347230217,1825,0.0022813020103084,0.00252449985461235
