"","countrycode","regioncode","population_region","p_w_regs_only","p_m_regs_only","sumreach_regs","p_w_regs","p_m_regs","population_country","p_w_country_only","p_m_country_only","sumreach_country","p_w_country_rhs","p_m_country_rhs","sumreach_country_rhs","p_w_country","p_m_country"
"1","PT","Alentejo",437970,NA,NA,0,NA,NA,10561097,0.00451189499589828,0.00471698113207547,4876,0.000629592083608413,0.000596349139782649,1945,0.00340486095918756,0.0035419878429669
"2","PT","Algarve",451006,NA,NA,0,NA,NA,10561097,0.00451189499589828,0.00471698113207547,4876,0.000629592083608413,0.000596349139782649,1945,0.00340486095918756,0.0035419878429669
"3","PT","Centro",1711875,NA,NA,0,NA,NA,10561097,0.00451189499589828,0.00471698113207547,4876,0.000629592083608413,0.000596349139782649,1945,0.00340486095918756,0.0035419878429669
"4","PT","Lisboa",3101791,NA,NA,0,NA,NA,10561097,0.00451189499589828,0.00471698113207547,4876,0.000629592083608413,0.000596349139782649,1945,0.00340486095918756,0.0035419878429669
"5","PT","Norte",4344904,NA,NA,0,NA,NA,10561097,0.00451189499589828,0.00471698113207547,4876,0.000629592083608413,0.000596349139782649,1945,0.00340486095918756,0.0035419878429669
"6","PT","PT20",245766,0.024,0.022962962962963,875,0.024,0.022962962962963,10561097,0.00451189499589828,0.00471698113207547,4876,0.000629592083608413,0.000596349139782649,1945,0.00340486095918756,0.0035419878429669
"7","PT","PT30",267785,0.00280373831775701,0.00244444444444444,1070,0.00280373831775701,0.00244444444444444,10561097,0.00451189499589828,0.00471698113207547,4876,0.000629592083608413,0.000596349139782649,1945,0.00340486095918756,0.0035419878429669
