"","countrycode","regioncode","population_region","estprop_regs","meanprop_regs","sumreach_regs","meanprop_regs_agg","estprop_regs_agg","population_country","estprop_country","meanprop_country","sumreach_country","estprop_country_rhs","meanprop_country_rhs","sumreach_country_rhs","meanprop_country_agg","estprop_country_agg"
"1","PT","Alentejo",437970,NA,NA,0,NA,NA,10561097,0.0032258064516129,0.00538461538461539,1240,0,0,200,0.00463675213675214,0.00277777777777778
"2","PT","Algarve",451006,NA,NA,0,NA,NA,10561097,0.0032258064516129,0.00538461538461539,1240,0,0,200,0.00463675213675214,0.00277777777777778
"3","PT","Centro",1711875,NA,NA,0,NA,NA,10561097,0.0032258064516129,0.00538461538461539,1240,0,0,200,0.00463675213675214,0.00277777777777778
"4","PT","Lisboa",3101791,NA,NA,0,NA,NA,10561097,0.0032258064516129,0.00538461538461539,1240,0,0,200,0.00463675213675214,0.00277777777777778
"5","PT","Norte",4344904,NA,NA,0,NA,NA,10561097,0.0032258064516129,0.00538461538461539,1240,0,0,200,0.00463675213675214,0.00277777777777778
"6","PT","PT20",245766,0,0,100,0,0,10561097,0.0032258064516129,0.00538461538461539,1240,0,0,200,0.00463675213675214,0.00277777777777778
"7","PT","PT30",267785,0,0,100,0,0,10561097,0.0032258064516129,0.00538461538461539,1240,0,0,200,0.00463675213675214,0.00277777777777778
