"","countrycode","regioncode","population_region","estprop_regs","meanprop_regs","sumreach_regs","meanprop_regs_agg","estprop_regs_agg","population_country","estprop_country","meanprop_country","sumreach_country","estprop_country_rhs","meanprop_country_rhs","sumreach_country_rhs","meanprop_country_agg","estprop_country_agg"
"1","PT","Alentejo",437970,NA,NA,0,NA,NA,10561097,0.00267558528428094,0.004375,1495,0.000281731044501238,0.000309904148951362,370,0.0035685198579689,0.00220066514019596
"2","PT","Algarve",451006,NA,NA,0,NA,NA,10561097,0.00267558528428094,0.004375,1495,0.000281731044501238,0.000309904148951362,370,0.0035685198579689,0.00220066514019596
"3","PT","Centro",1711875,NA,NA,0,NA,NA,10561097,0.00267558528428094,0.004375,1495,0.000281731044501238,0.000309904148951362,370,0.0035685198579689,0.00220066514019596
"4","PT","Lisboa",3101791,NA,NA,0,NA,NA,10561097,0.00267558528428094,0.004375,1495,0.000281731044501238,0.000309904148951362,370,0.0035685198579689,0.00220066514019596
"5","PT","Norte",4344904,NA,NA,0,NA,NA,10561097,0.00267558528428094,0.004375,1495,0.000281731044501238,0.000309904148951362,370,0.0035685198579689,0.00220066514019596
"6","PT","PT20",245766,0,0,100,0,0,10561097,0.00267558528428094,0.004375,1495,0.000281731044501238,0.000309904148951362,370,0.0035685198579689,0.00220066514019596
"7","PT","PT30",267785,0.0111111111111111,0.0122222222222222,270,0.0122222222222222,0.0111111111111111,10561097,0.00267558528428094,0.004375,1495,0.000281731044501238,0.000309904148951362,370,0.0035685198579689,0.00220066514019596
