"","countrycode","regioncode","population_region","estprop_regs","meanprop_regs","sumreach_regs","meanprop_regs_agg","estprop_regs_agg","population_country","estprop_country","meanprop_country","sumreach_country","estprop_country_rhs","meanprop_country_rhs","sumreach_country_rhs","meanprop_country_agg","estprop_country_agg"
"1","PT","Alentejo",437970,NA,NA,0,NA,NA,10561097,0.00433412135539795,0.00454545454545455,5076,0.000629592083608413,0.000596349139782649,1945,0.00345144941598127,0.00330787018980464
"2","PT","Algarve",451006,NA,NA,0,NA,NA,10561097,0.00433412135539795,0.00454545454545455,5076,0.000629592083608413,0.000596349139782649,1945,0.00345144941598127,0.00330787018980464
"3","PT","Centro",1711875,NA,NA,0,NA,NA,10561097,0.00433412135539795,0.00454545454545455,5076,0.000629592083608413,0.000596349139782649,1945,0.00345144941598127,0.00330787018980464
"4","PT","Lisboa",3101791,NA,NA,0,NA,NA,10561097,0.00433412135539795,0.00454545454545455,5076,0.000629592083608413,0.000596349139782649,1945,0.00345144941598127,0.00330787018980464
"5","PT","Norte",4344904,NA,NA,0,NA,NA,10561097,0.00433412135539795,0.00454545454545455,5076,0.000629592083608413,0.000596349139782649,1945,0.00345144941598127,0.00330787018980464
"6","PT","PT20",245766,0.024,0.022962962962963,875,0.022962962962963,0.024,10561097,0.00433412135539795,0.00454545454545455,5076,0.000629592083608413,0.000596349139782649,1945,0.00345144941598127,0.00330787018980464
"7","PT","PT30",267785,0.00280373831775701,0.00244444444444444,1070,0.00244444444444444,0.00280373831775701,10561097,0.00433412135539795,0.00454545454545455,5076,0.000629592083608413,0.000596349139782649,1945,0.00345144941598127,0.00330787018980464
