"","countrycode","regioncode","population_region","p_w_regs_only","p_m_regs_only","sumreach_regs","p_w_regs","p_m_regs","population_country","p_w_country_only","p_m_country_only","sumreach_country","p_w_country_rhs","p_m_country_rhs","sumreach_country_rhs","p_w_country","p_m_country"
"1","PT","Alentejo",437970,NA,NA,0,NA,NA,10561097,0.00267558528428094,0.004375,1495,0.000281731044501238,0.000309904148951362,370,0.00220066514019596,0.0035685198579689
"2","PT","Algarve",451006,NA,NA,0,NA,NA,10561097,0.00267558528428094,0.004375,1495,0.000281731044501238,0.000309904148951362,370,0.00220066514019596,0.0035685198579689
"3","PT","Centro",1711875,NA,NA,0,NA,NA,10561097,0.00267558528428094,0.004375,1495,0.000281731044501238,0.000309904148951362,370,0.00220066514019596,0.0035685198579689
"4","PT","Lisboa",3101791,NA,NA,0,NA,NA,10561097,0.00267558528428094,0.004375,1495,0.000281731044501238,0.000309904148951362,370,0.00220066514019596,0.0035685198579689
"5","PT","Norte",4344904,NA,NA,0,NA,NA,10561097,0.00267558528428094,0.004375,1495,0.000281731044501238,0.000309904148951362,370,0.00220066514019596,0.0035685198579689
"6","PT","PT20",245766,0,0,100,0,0,10561097,0.00267558528428094,0.004375,1495,0.000281731044501238,0.000309904148951362,370,0.00220066514019596,0.0035685198579689
"7","PT","PT30",267785,0.0111111111111111,0.0122222222222222,270,0.0111111111111111,0.0122222222222222,10561097,0.00267558528428094,0.004375,1495,0.000281731044501238,0.000309904148951362,370,0.00220066514019596,0.0035685198579689
