"","countrycode","regioncode","population_region","p_w_regs_only","p_m_regs_only","sumreach_regs","p_w_regs","p_m_regs","population_country","p_w_country_only","p_m_country_only","sumreach_country","p_w_country_rhs","p_m_country_rhs","sumreach_country_rhs","p_w_country","p_m_country"
"1","PT","Alentejo",437970,NA,NA,0,NA,NA,10561097,0.00209205020920502,0.00263157894736842,3346,0.000471550228969229,0.000498223811408985,1520,0.00158585210604875,0.00196517948031985
"2","PT","Algarve",451006,NA,NA,0,NA,NA,10561097,0.00209205020920502,0.00263157894736842,3346,0.000471550228969229,0.000498223811408985,1520,0.00158585210604875,0.00196517948031985
"3","PT","Centro",1711875,NA,NA,0,NA,NA,10561097,0.00209205020920502,0.00263157894736842,3346,0.000471550228969229,0.000498223811408985,1520,0.00158585210604875,0.00196517948031985
"4","PT","Lisboa",3101791,NA,NA,0,NA,NA,10561097,0.00209205020920502,0.00263157894736842,3346,0.000471550228969229,0.000498223811408985,1520,0.00158585210604875,0.00196517948031985
"5","PT","Norte",4344904,NA,NA,0,NA,NA,10561097,0.00209205020920502,0.00263157894736842,3346,0.000471550228969229,0.000498223811408985,1520,0.00158585210604875,0.00196517948031985
"6","PT","PT20",245766,0.0164179104477612,0.0177777777777778,670,0.0164179104477612,0.0177777777777778,10561097,0.00209205020920502,0.00263157894736842,3346,0.000471550228969229,0.000498223811408985,1520,0.00158585210604875,0.00196517948031985
"7","PT","PT30",267785,0.00352941176470588,0.00333333333333333,850,0.00352941176470588,0.00333333333333333,10561097,0.00209205020920502,0.00263157894736842,3346,0.000471550228969229,0.000498223811408985,1520,0.00158585210604875,0.00196517948031985
