"","countrycode","regioncode","population_region","p_w_regs_only","p_m_regs_only","sumreach_regs","p_w_regs","p_m_regs","population_country","p_w_country_only","p_m_country_only","sumreach_country","p_w_country_rhs","p_m_country_rhs","sumreach_country_rhs","p_w_country","p_m_country"
"1","PT","Alentejo",437970,NA,NA,0,NA,NA,10561097,0.00246845858475041,0.00292682926829268,3646,0.000445756154399719,0.000432079892716652,1650,0.00183827372635188,0.00214957540316798
"2","PT","Algarve",451006,NA,NA,0,NA,NA,10561097,0.00246845858475041,0.00292682926829268,3646,0.000445756154399719,0.000432079892716652,1650,0.00183827372635188,0.00214957540316798
"3","PT","Centro",1711875,NA,NA,0,NA,NA,10561097,0.00246845858475041,0.00292682926829268,3646,0.000445756154399719,0.000432079892716652,1650,0.00183827372635188,0.00214957540316798
"4","PT","Lisboa",3101791,NA,NA,0,NA,NA,10561097,0.00246845858475041,0.00292682926829268,3646,0.000445756154399719,0.000432079892716652,1650,0.00183827372635188,0.00214957540316798
"5","PT","Norte",4344904,NA,NA,0,NA,NA,10561097,0.00246845858475041,0.00292682926829268,3646,0.000445756154399719,0.000432079892716652,1650,0.00183827372635188,0.00214957540316798
"6","PT","PT20",245766,0.0157142857142857,0.0152380952380952,700,0.0157142857142857,0.0152380952380952,10561097,0.00246845858475041,0.00292682926829268,3646,0.000445756154399719,0.000432079892716652,1650,0.00183827372635188,0.00214957540316798
"7","PT","PT30",267785,0.00315789473684211,0.00305555555555556,950,0.00315789473684211,0.00305555555555556,10561097,0.00246845858475041,0.00292682926829268,3646,0.000445756154399719,0.000432079892716652,1650,0.00183827372635188,0.00214957540316798
