"","countrycode","regioncode","population_region","p_w_regs_only","p_m_regs_only","sumreach_regs","p_w_regs","p_m_regs","population_country","p_w_country_only","p_m_country_only","sumreach_country","p_w_country_rhs","p_m_country_rhs","sumreach_country_rhs","p_w_country","p_m_country"
"1","PT","Alentejo",437970,NA,NA,0,NA,NA,10561097,0.00289435600578871,0.00326086956521739,4146,0.000632352899578482,0.000600776341910525,1905,0.00218222314885094,0.00242340838683372
"2","PT","Algarve",451006,NA,NA,0,NA,NA,10561097,0.00289435600578871,0.00326086956521739,4146,0.000632352899578482,0.000600776341910525,1905,0.00218222314885094,0.00242340838683372
"3","PT","Centro",1711875,NA,NA,0,NA,NA,10561097,0.00289435600578871,0.00326086956521739,4146,0.000632352899578482,0.000600776341910525,1905,0.00218222314885094,0.00242340838683372
"4","PT","Lisboa",3101791,NA,NA,0,NA,NA,10561097,0.00289435600578871,0.00326086956521739,4146,0.000632352899578482,0.000600776341910525,1905,0.00218222314885094,0.00242340838683372
"5","PT","Norte",4344904,NA,NA,0,NA,NA,10561097,0.00289435600578871,0.00326086956521739,4146,0.000632352899578482,0.000600776341910525,1905,0.00218222314885094,0.00242340838683372
"6","PT","PT20",245766,0.024,0.022962962962963,875,0.024,0.022962962962963,10561097,0.00289435600578871,0.00326086956521739,4146,0.000632352899578482,0.000600776341910525,1905,0.00218222314885094,0.00242340838683372
"7","PT","PT30",267785,0.0029126213592233,0.00261904761904762,1030,0.0029126213592233,0.00261904761904762,10561097,0.00289435600578871,0.00326086956521739,4146,0.000632352899578482,0.000600776341910525,1905,0.00218222314885094,0.00242340838683372
