"","countrycode","regioncode","population_region","estprop_regs","meanprop_regs","sumreach_regs","meanprop_regs_agg","estprop_regs_agg","population_country","estprop_country","meanprop_country","sumreach_country","estprop_country_rhs","meanprop_country_rhs","sumreach_country_rhs","meanprop_country_agg","estprop_country_agg"
"1","PT","Alentejo",437970,NA,NA,0,NA,NA,10561097,0.00289435600578871,0.00326086956521739,4146,0.000636120849945796,0.000605884652058075,1855,0.00244017351224113,0.00219630131255615
"2","PT","Algarve",451006,NA,NA,0,NA,NA,10561097,0.00289435600578871,0.00326086956521739,4146,0.000636120849945796,0.000605884652058075,1855,0.00244017351224113,0.00219630131255615
"3","PT","Centro",1711875,NA,NA,0,NA,NA,10561097,0.00289435600578871,0.00326086956521739,4146,0.000636120849945796,0.000605884652058075,1855,0.00244017351224113,0.00219630131255615
"4","PT","Lisboa",3101791,NA,NA,0,NA,NA,10561097,0.00289435600578871,0.00326086956521739,4146,0.000636120849945796,0.000605884652058075,1855,0.00244017351224113,0.00219630131255615
"5","PT","Norte",4344904,NA,NA,0,NA,NA,10561097,0.00289435600578871,0.00326086956521739,4146,0.000636120849945796,0.000605884652058075,1855,0.00244017351224113,0.00219630131255615
"6","PT","PT20",245766,0.024,0.022962962962963,875,0.022962962962963,0.024,10561097,0.00289435600578871,0.00326086956521739,4146,0.000636120849945796,0.000605884652058075,1855,0.00244017351224113,0.00219630131255615
"7","PT","PT30",267785,0.00306122448979592,0.00282051282051282,980,0.00282051282051282,0.00306122448979592,10561097,0.00289435600578871,0.00326086956521739,4146,0.000636120849945796,0.000605884652058075,1855,0.00244017351224113,0.00219630131255615
