"","countrycode","regioncode","population_region","estprop_regs","meanprop_regs","sumreach_regs","meanprop_regs_agg","estprop_regs_agg","population_country","estprop_country","meanprop_country","sumreach_country","estprop_country_rhs","meanprop_country_rhs","sumreach_country_rhs","meanprop_country_agg","estprop_country_agg"
"1","PT","Alentejo",437970,NA,NA,0,NA,NA,10561097,0.00350877192982456,0.00583333333333333,1140,0,0,200,0.00496268656716418,0.00298507462686567
"2","PT","Algarve",451006,NA,NA,0,NA,NA,10561097,0.00350877192982456,0.00583333333333333,1140,0,0,200,0.00496268656716418,0.00298507462686567
"3","PT","Centro",1711875,NA,NA,0,NA,NA,10561097,0.00350877192982456,0.00583333333333333,1140,0,0,200,0.00496268656716418,0.00298507462686567
"4","PT","Lisboa",3101791,NA,NA,0,NA,NA,10561097,0.00350877192982456,0.00583333333333333,1140,0,0,200,0.00496268656716418,0.00298507462686567
"5","PT","Norte",4344904,NA,NA,0,NA,NA,10561097,0.00350877192982456,0.00583333333333333,1140,0,0,200,0.00496268656716418,0.00298507462686567
"6","PT","PT20",245766,0,0,100,0,0,10561097,0.00350877192982456,0.00583333333333333,1140,0,0,200,0.00496268656716418,0.00298507462686567
"7","PT","PT30",267785,0,0,100,0,0,10561097,0.00350877192982456,0.00583333333333333,1140,0,0,200,0.00496268656716418,0.00298507462686567
