"","countrycode","regioncode","population_region","estprop_regs","meanprop_regs","sumreach_regs","meanprop_regs_agg","estprop_regs_agg","population_country","estprop_country","meanprop_country","sumreach_country","estprop_country_rhs","meanprop_country_rhs","sumreach_country_rhs","meanprop_country_agg","estprop_country_agg"
"1","PT","Alentejo",437970,NA,NA,0,NA,NA,10561097,0.00207756232686981,0.0028125,2888,0.00056794240400206,0.000612659453527097,1210,0.0021629619177081,0.00163182291577416
"2","PT","Algarve",451006,NA,NA,0,NA,NA,10561097,0.00207756232686981,0.0028125,2888,0.00056794240400206,0.000612659453527097,1210,0.0021629619177081,0.00163182291577416
"3","PT","Centro",1711875,NA,NA,0,NA,NA,10561097,0.00207756232686981,0.0028125,2888,0.00056794240400206,0.000612659453527097,1210,0.0021629619177081,0.00163182291577416
"4","PT","Lisboa",3101791,NA,NA,0,NA,NA,10561097,0.00207756232686981,0.0028125,2888,0.00056794240400206,0.000612659453527097,1210,0.0021629619177081,0.00163182291577416
"5","PT","Norte",4344904,NA,NA,0,NA,NA,10561097,0.00207756232686981,0.0028125,2888,0.00056794240400206,0.000612659453527097,1210,0.0021629619177081,0.00163182291577416
"6","PT","PT20",245766,0.0192982456140351,0.0213333333333333,570,0.0213333333333333,0.0192982456140351,10561097,0.00207756232686981,0.0028125,2888,0.00056794240400206,0.000612659453527097,1210,0.0021629619177081,0.00163182291577416
"7","PT","PT30",267785,0.0046875,0.00458333333333333,640,0.00458333333333333,0.0046875,10561097,0.00207756232686981,0.0028125,2888,0.00056794240400206,0.000612659453527097,1210,0.0021629619177081,0.00163182291577416
