"","countrycode","regioncode","population_region","estprop_regs","meanprop_regs","sumreach_regs","meanprop_regs_agg","estprop_regs_agg","population_country","estprop_country","meanprop_country","sumreach_country","estprop_country_rhs","meanprop_country_rhs","sumreach_country_rhs","meanprop_country_agg","estprop_country_agg"
"1","PT","Alentejo",437970,NA,NA,0,NA,NA,10561097,0.00279329608938547,0.00319148936170213,4296,0.000632352899578482,0.000600776341910525,1905,0.00239560026273374,0.00212943594157346
"2","PT","Algarve",451006,NA,NA,0,NA,NA,10561097,0.00279329608938547,0.00319148936170213,4296,0.000632352899578482,0.000600776341910525,1905,0.00239560026273374,0.00212943594157346
"3","PT","Centro",1711875,NA,NA,0,NA,NA,10561097,0.00279329608938547,0.00319148936170213,4296,0.000632352899578482,0.000600776341910525,1905,0.00239560026273374,0.00212943594157346
"4","PT","Lisboa",3101791,NA,NA,0,NA,NA,10561097,0.00279329608938547,0.00319148936170213,4296,0.000632352899578482,0.000600776341910525,1905,0.00239560026273374,0.00212943594157346
"5","PT","Norte",4344904,NA,NA,0,NA,NA,10561097,0.00279329608938547,0.00319148936170213,4296,0.000632352899578482,0.000600776341910525,1905,0.00239560026273374,0.00212943594157346
"6","PT","PT20",245766,0.024,0.022962962962963,875,0.022962962962963,0.024,10561097,0.00279329608938547,0.00319148936170213,4296,0.000632352899578482,0.000600776341910525,1905,0.00239560026273374,0.00212943594157346
"7","PT","PT30",267785,0.0029126213592233,0.00261904761904762,1030,0.00261904761904762,0.0029126213592233,10561097,0.00279329608938547,0.00319148936170213,4296,0.000632352899578482,0.000600776341910525,1905,0.00239560026273374,0.00212943594157346
