"","countrycode","regioncode","population_region","p_w_regs_only","p_m_regs_only","sumreach_regs","p_w_regs","p_m_regs","population_country","p_w_country_only","p_m_country_only","sumreach_country","p_w_country_rhs","p_m_country_rhs","sumreach_country_rhs","p_w_country","p_m_country"
"1","PT","Alentejo",437970,NA,NA,0,NA,NA,10561097,0.00442122186495177,0.00462962962962963,4976,0.000629592083608413,0.000596349139782649,1945,0.00335566487539638,0.0034961618427849
"2","PT","Algarve",451006,NA,NA,0,NA,NA,10561097,0.00442122186495177,0.00462962962962963,4976,0.000629592083608413,0.000596349139782649,1945,0.00335566487539638,0.0034961618427849
"3","PT","Centro",1711875,NA,NA,0,NA,NA,10561097,0.00442122186495177,0.00462962962962963,4976,0.000629592083608413,0.000596349139782649,1945,0.00335566487539638,0.0034961618427849
"4","PT","Lisboa",3101791,NA,NA,0,NA,NA,10561097,0.00442122186495177,0.00462962962962963,4976,0.000629592083608413,0.000596349139782649,1945,0.00335566487539638,0.0034961618427849
"5","PT","Norte",4344904,NA,NA,0,NA,NA,10561097,0.00442122186495177,0.00462962962962963,4976,0.000629592083608413,0.000596349139782649,1945,0.00335566487539638,0.0034961618427849
"6","PT","PT20",245766,0.024,0.022962962962963,875,0.024,0.022962962962963,10561097,0.00442122186495177,0.00462962962962963,4976,0.000629592083608413,0.000596349139782649,1945,0.00335566487539638,0.0034961618427849
"7","PT","PT30",267785,0.00280373831775701,0.00244444444444444,1070,0.00280373831775701,0.00244444444444444,10561097,0.00442122186495177,0.00462962962962963,4976,0.000629592083608413,0.000596349139782649,1945,0.00335566487539638,0.0034961618427849
