"","countrycode","regioncode","population_region","p_w_regs_only","p_m_regs_only","recent_p_w_regs_only","recent_p_m_regs_only","sumreach_regs","p_w_regs","p_m_regs","recent_p_w_regs","recent_p_m_regs","population_country","p_w_country_only","p_m_country_only","recent_p_w_country_only","recent_p_m_country_only","sumreach_country","p_w_country_rhs","p_m_country_rhs","sumreach_country_rhs","recent_p_w_country_rhs","recent_p_m_country_rhs","recent_sumreach_country_rhs","p_w_country","p_m_country","recent_p_w_country","recent_p_m_country"
"1","GB","GBENG",56286961,0.0458404074702886,0.075010752688172,NA,NA,589,0.0458404074702886,0.075010752688172,NA,NA,66796807,0.0600272851296044,0.0734380639623801,NA,NA,733,0.0410503097513861,0.066348162576928,869,0,0,0,0.0497332828801214,0.0695921686415574,NA,NA
"2","GB","GBNIR",1893667,NA,NA,NA,NA,0,NA,NA,NA,NA,66796807,0.0600272851296044,0.0734380639623801,NA,NA,733,0.0410503097513861,0.066348162576928,869,0,0,0,0.0497332828801214,0.0695921686415574,NA,NA
"3","GB","GBSCT",5463300,0,0,NA,NA,130,0,0,NA,NA,66796807,0.0600272851296044,0.0734380639623801,NA,NA,733,0.0410503097513861,0.066348162576928,869,0,0,0,0.0497332828801214,0.0695921686415574,NA,NA
"4","GB","GBWLS",3152879,0.0266666666666667,0.0266666666666667,NA,NA,150,0.0266666666666667,0.0266666666666667,NA,NA,66796807,0.0600272851296044,0.0734380639623801,NA,NA,733,0.0410503097513861,0.066348162576928,869,0,0,0,0.0497332828801214,0.0695921686415574,NA,NA
