"","countrycode","regioncode","population_region","p_w_regs_only","p_m_regs_only","recent_p_w_regs_only","recent_p_m_regs_only","sumreach_regs","p_w_regs","p_m_regs","recent_p_w_regs","recent_p_m_regs","population_country","p_w_country_only","p_m_country_only","recent_p_w_country_only","recent_p_m_country_only","sumreach_country","p_w_country_rhs","p_m_country_rhs","recent_p_w_country_rhs","recent_p_m_country_rhs","sumreach_country_rhs","p_w_country","p_m_country","recent_p_w_country","recent_p_m_country"
"1","GB","GBENG",56286961,NA,NA,NA,NA,495,NA,NA,NA,NA,66796807,0.0206788042256687,0.0329518934232801,NA,NA,4449,0.00267709304044687,0.00210793371206102,0,0,1409,0.0163489286606333,0.0255331260567544,NA,NA
"2","GB","GBNIR",1893667,NA,NA,NA,NA,0,NA,NA,NA,NA,66796807,0.0206788042256687,0.0329518934232801,NA,NA,4449,0.00267709304044687,0.00210793371206102,0,0,1409,0.0163489286606333,0.0255331260567544,NA,NA
"3","GB","GBSCT",5463300,0.0193548387096774,0.015,NA,NA,310,0.0193548387096774,0.015,NA,NA,66796807,0.0206788042256687,0.0329518934232801,NA,NA,4449,0.00267709304044687,0.00210793371206102,0,0,1409,0.0163489286606333,0.0255331260567544,NA,NA
"4","GB","GBWLS",3152879,0.0231788079470199,0.0186666666666667,NA,NA,604,0.0231788079470199,0.0186666666666667,NA,NA,66796807,0.0206788042256687,0.0329518934232801,NA,NA,4449,0.00267709304044687,0.00210793371206102,0,0,1409,0.0163489286606333,0.0255331260567544,NA,NA
