"","countrycode","regioncode","population_region","p_w_regs_only","p_m_regs_only","recent_p_w_regs_only","recent_p_m_regs_only","sumreach_regs","p_w_regs","p_m_regs","recent_p_w_regs","recent_p_m_regs","population_country","p_w_country_only","p_m_country_only","recent_p_w_country_only","recent_p_m_country_only","sumreach_country","p_w_country_rhs","p_m_country_rhs","recent_p_w_country_rhs","recent_p_m_country_rhs","sumreach_country_rhs","p_w_country","p_m_country","recent_p_w_country","recent_p_m_country"
"1","GB","GBENG",56286961,0.0420168067226891,0.0526881720430108,0,0,595,0.0420168067226891,0.0526881720430108,0,0,66796807,0.0212765957446809,0.0347781348984697,0.02,0.0166666666666667,4512,0.0405737154237483,0.0539075731168885,0,0,813,0.0242228038759638,0.0376987420856199,0.0169464788732394,0.0141220657276995
"2","GB","GBNIR",1893667,NA,NA,NA,NA,0,NA,NA,NA,NA,66796807,0.0212765957446809,0.0347781348984697,0.02,0.0166666666666667,4512,0.0405737154237483,0.0539075731168885,0,0,813,0.0242228038759638,0.0376987420856199,0.0169464788732394,0.0141220657276995
"3","GB","GBSCT",5463300,0.0483870967741935,0.108571428571429,0,0,62,0.0483870967741935,0.108571428571429,0,0,66796807,0.0212765957446809,0.0347781348984697,0.02,0.0166666666666667,4512,0.0405737154237483,0.0539075731168885,0,0,813,0.0242228038759638,0.0376987420856199,0.0169464788732394,0.0141220657276995
"4","GB","GBWLS",3152879,0.0256410256410256,0.0133333333333333,NA,NA,156,0.0256410256410256,0.0133333333333333,NA,NA,66796807,0.0212765957446809,0.0347781348984697,0.02,0.0166666666666667,4512,0.0405737154237483,0.0539075731168885,0,0,813,0.0242228038759638,0.0376987420856199,0.0169464788732394,0.0141220657276995
