"","countrycode","regioncode","population_region","p_w_regs_only","p_m_regs_only","recent_p_w_regs_only","recent_p_m_regs_only","sumreach_regs","p_w_regs","p_m_regs","recent_p_w_regs","recent_p_m_regs","population_country","p_w_country_only","p_m_country_only","recent_p_w_country_only","recent_p_m_country_only","sumreach_country","p_w_country_rhs","p_m_country_rhs","recent_p_w_country_rhs","recent_p_m_country_rhs","sumreach_country_rhs","p_w_country","p_m_country","recent_p_w_country","recent_p_m_country"
"1","GB","GBENG",56286961,0.0240963855421687,0.0398582600195503,NA,NA,581,0.0240963855421687,0.0398582600195503,NA,NA,66796807,0.0208426714477813,0.0336971677198868,NA,NA,4462,0.0215637416109777,0.0348456341720289,0,0,831,0.0209558793271722,0.0338774767358948,NA,NA
"2","GB","GBNIR",1893667,NA,NA,NA,NA,0,NA,NA,NA,NA,66796807,0.0208426714477813,0.0336971677198868,NA,NA,4462,0.0215637416109777,0.0348456341720289,0,0,831,0.0209558793271722,0.0338774767358948,NA,NA
"3","GB","GBSCT",5463300,0,0,NA,NA,100,0,0,NA,NA,66796807,0.0208426714477813,0.0336971677198868,NA,NA,4462,0.0215637416109777,0.0348456341720289,0,0,831,0.0209558793271722,0.0338774767358948,NA,NA
"4","GB","GBWLS",3152879,0.0266666666666667,0.0266666666666667,NA,NA,150,0.0266666666666667,0.0266666666666667,NA,NA,66796807,0.0208426714477813,0.0336971677198868,NA,NA,4462,0.0215637416109777,0.0348456341720289,0,0,831,0.0209558793271722,0.0338774767358948,NA,NA
