"","countrycode","regioncode","population_region","p_w_regs_only","p_m_regs_only","recent_p_w_regs_only","recent_p_m_regs_only","sumreach_regs","p_w_regs","p_m_regs","recent_p_w_regs","recent_p_m_regs","population_country","p_w_country_only","p_m_country_only","recent_p_w_country_only","recent_p_m_country_only","sumreach_country","p_w_country_rhs","p_m_country_rhs","recent_p_w_country_rhs","recent_p_m_country_rhs","sumreach_country_rhs","p_w_country","p_m_country","recent_p_w_country","recent_p_m_country"
"1","GB","GBENG",56286961,0.0365853658536585,0.0574877112135177,0,0,574,0.0365853658536585,0.0574877112135177,0,0,66796807,0.0212765957446809,0.0347781348984697,0.02,0.0166666666666667,4512,0.036463741725729,0.0532351167648723,0,0,870,0.0237315970459651,0.0377617049883565,0.0167670011148272,0.0139725009290227
"2","GB","GBNIR",1893667,0.0166666666666667,0.01,0,0,60,0.0166666666666667,0.01,0,0,66796807,0.0212765957446809,0.0347781348984697,0.02,0.0166666666666667,4512,0.036463741725729,0.0532351167648723,0,0,870,0.0237315970459651,0.0377617049883565,0.0167670011148272,0.0139725009290227
"3","GB","GBSCT",5463300,0.05,0.05,0,0,60,0.05,0.05,0,0,66796807,0.0212765957446809,0.0347781348984697,0.02,0.0166666666666667,4512,0.036463741725729,0.0532351167648723,0,0,870,0.0237315970459651,0.0377617049883565,0.0167670011148272,0.0139725009290227
"4","GB","GBWLS",3152879,0.0227272727272727,0.00888888888888889,0,0,176,0.0227272727272727,0.00888888888888889,0,0,66796807,0.0212765957446809,0.0347781348984697,0.02,0.0166666666666667,4512,0.036463741725729,0.0532351167648723,0,0,870,0.0237315970459651,0.0377617049883565,0.0167670011148272,0.0139725009290227
