"","countrycode","regioncode","population_region","p_w_regs_only","p_m_regs_only","recent_p_w_regs_only","recent_p_m_regs_only","sumreach_regs","p_w_regs","p_m_regs","recent_p_w_regs","recent_p_m_regs","population_country","p_w_country_only","p_m_country_only","recent_p_w_country_only","recent_p_m_country_only","sumreach_country","p_w_country_rhs","p_m_country_rhs","sumreach_country_rhs","recent_p_w_country_rhs","recent_p_m_country_rhs","recent_sumreach_country_rhs","p_w_country","p_m_country","recent_p_w_country","recent_p_m_country"
"1","GB","GBENG",56286961,0.0461049284578696,0.0559982683982684,0.00491803278688525,0.00636363636363636,629,0.0461049284578696,0.0559982683982684,0.00491803278688525,0.00636363636363636,66796807,NA,NA,NA,NA,100,0.0459781733057782,0.0554023554203139,799,0.00434952914396062,0.00562802710445813,799,NA,NA,NA,NA
"2","GB","GBNIR",1893667,0.01,0.01,0,0,100,0.01,0.01,0,0,66796807,NA,NA,NA,NA,100,0.0459781733057782,0.0554023554203139,799,0.00434952914396062,0.00562802710445813,799,NA,NA,NA,NA
"3","GB","GBSCT",5463300,0.0571428571428571,0.065,0,0,70,0.0571428571428571,0.065,0,0,66796807,NA,NA,NA,NA,100,0.0459781733057782,0.0554023554203139,799,0.00434952914396062,0.00562802710445813,799,NA,NA,NA,NA
"4","GB","GBWLS",3152879,NA,NA,NA,NA,26,NA,NA,NA,NA,66796807,NA,NA,NA,NA,100,0.0459781733057782,0.0554023554203139,799,0.00434952914396062,0.00562802710445813,799,NA,NA,NA,NA
