"","countrycode","regioncode","population_region","p_w_regs_only","p_m_regs_only","recent_p_w_regs_only","recent_p_m_regs_only","sumreach_regs","p_w_regs","p_m_regs","recent_p_w_regs","recent_p_m_regs","population_country","p_w_country_only","p_m_country_only","recent_p_w_country_only","recent_p_m_country_only","sumreach_country","p_w_country_rhs","p_m_country_rhs","sumreach_country_rhs","recent_p_w_country_rhs","recent_p_m_country_rhs","recent_sumreach_country_rhs","p_w_country","p_m_country","recent_p_w_country","recent_p_m_country"
"1","GB","GBENG",56286961,0.0583465538515777,0.0650620970936059,0.000758725341426404,0.00114406779661017,5673,0.0583465538515777,0.0650620970936059,0.000758725341426404,0.00114406779661017,66796807,NA,NA,NA,NA,170,0.056313325488494,0.0609194801189325,6437,0.000671019923575108,0.00101181843221796,6437,NA,NA,NA,NA
"2","GB","GBNIR",1893667,0.01,0.01,0,0,200,0.01,0.01,0,0,66796807,NA,NA,NA,NA,170,0.056313325488494,0.0609194801189325,6437,0.000671019923575108,0.00101181843221796,6437,NA,NA,NA,NA
"3","GB","GBSCT",5463300,0.0514184397163121,0.0358886780518659,0,0,564,0.0514184397163121,0.0358886780518659,0,0,66796807,NA,NA,NA,NA,170,0.056313325488494,0.0609194801189325,6437,0.000671019923575108,0.00101181843221796,6437,NA,NA,NA,NA
"4","GB","GBWLS",3152879,NA,NA,NA,NA,153,NA,NA,NA,NA,66796807,NA,NA,NA,NA,170,0.056313325488494,0.0609194801189325,6437,0.000671019923575108,0.00101181843221796,6437,NA,NA,NA,NA
