"","countrycode","regioncode","population_region","p_w_regs_only","p_m_regs_only","recent_p_w_regs_only","recent_p_m_regs_only","sumreach_regs","p_w_regs","p_m_regs","recent_p_w_regs","recent_p_m_regs","population_country","p_w_country_only","p_m_country_only","recent_p_w_country_only","recent_p_m_country_only","sumreach_country","p_w_country_rhs","p_m_country_rhs","sumreach_country_rhs","recent_p_w_country_rhs","recent_p_m_country_rhs","recent_sumreach_country_rhs","p_w_country","p_m_country","recent_p_w_country","recent_p_m_country"
"1","GB","GBENG",56286961,0.0619469026548673,0.0701482213438735,0.00204081632653061,0.003125,565,0.0619469026548673,0.0701482213438735,0.00204081632653061,0.003125,66796807,NA,NA,NA,NA,170,0.0551220217408937,0.0604169315907866,792,0.00171971317400833,0.00263331079770026,792,NA,NA,NA,NA
"2","GB","GBNIR",1893667,0.01,0.01,0,0,100,0.01,0.01,0,0,66796807,NA,NA,NA,NA,170,0.0551220217408937,0.0604169315907866,792,0.00171971317400833,0.00263331079770026,792,NA,NA,NA,NA
"3","GB","GBSCT",5463300,0.032258064516129,0.0125,0,0,62,0.032258064516129,0.0125,0,0,66796807,NA,NA,NA,NA,170,0.0551220217408937,0.0604169315907866,792,0.00171971317400833,0.00263331079770026,792,NA,NA,NA,NA
"4","GB","GBWLS",3152879,0,0,0,0,65,0,0,0,0,66796807,NA,NA,NA,NA,170,0.0551220217408937,0.0604169315907866,792,0.00171971317400833,0.00263331079770026,792,NA,NA,NA,NA
