"","countrycode","regioncode","population_region","p_w_regs_only","p_m_regs_only","recent_p_w_regs_only","recent_p_m_regs_only","sumreach_regs","n_obs_regs","p_w_regs","p_m_regs","recent_p_w_regs","recent_p_m_regs","population_country","p_w_country_only","p_m_country_only","recent_p_w_country_only","recent_p_m_country_only","sumreach_country","n_obs_country","p_w_country_rhs","p_m_country_rhs","sumreach_country_rhs","recent_p_w_country_rhs","recent_p_m_country_rhs","recent_sumreach_country_rhs","p_w_country","p_m_country","recent_p_w_country","recent_p_m_country"
"1","GB","GBENG",56286961,0.0594807755504436,0.0707724196475019,0,0,3043,98,0.0594807755504436,0.0707724196475019,0,0,66796807,0.06,0.0666666666666667,0.02,0.0166666666666667,50,2,0.0688234035184768,0.0804592143432387,3804,0,0,3804,0.0687089327930165,0.0802802762571389,0.000259470679813181,0.000216225566510984
"2","GB","GBNIR",1893667,0.0114285714285714,0.0075,0,0,175,4,0.0114285714285714,0.0075,0,0,66796807,0.06,0.0666666666666667,0.02,0.0166666666666667,50,2,0.0688234035184768,0.0804592143432387,3804,0,0,3804,0.0687089327930165,0.0802802762571389,0.000259470679813181,0.000216225566510984
"3","GB","GBSCT",5463300,0.0471204188481675,0.0744119981325864,0,0,573,15,0.0471204188481675,0.0744119981325864,0,0,66796807,0.06,0.0666666666666667,0.02,0.0166666666666667,50,2,0.0688234035184768,0.0804592143432387,3804,0,0,3804,0.0687089327930165,0.0802802762571389,0.000259470679813181,0.000216225566510984
"4","GB","GBWLS",3152879,0.307692307692308,0.307692307692308,0,0,13,1,0.307692307692308,0.307692307692308,0,0,66796807,0.06,0.0666666666666667,0.02,0.0166666666666667,50,2,0.0688234035184768,0.0804592143432387,3804,0,0,3804,0.0687089327930165,0.0802802762571389,0.000259470679813181,0.000216225566510984
