"","countrycode","regioncode","population_region","p_w_regs_only","p_m_regs_only","recent_p_w_regs_only","recent_p_m_regs_only","sumreach_regs","n_obs_regs","p_w_regs","p_m_regs","recent_p_w_regs","recent_p_m_regs","population_country","p_w_country_only","p_m_country_only","recent_p_w_country_only","recent_p_m_country_only","sumreach_country","n_obs_country","p_w_country_rhs","p_m_country_rhs","sumreach_country_rhs","recent_p_w_country_rhs","recent_p_m_country_rhs","recent_sumreach_country_rhs","p_w_country","p_m_country","recent_p_w_country","recent_p_m_country"
"1","GB","GBENG",56286961,0.0576631259484067,0.0585707885304659,NA,NA,659,18,0.0576631259484067,0.0585707885304659,NA,NA,66796807,0.114754098360656,0.100961538461538,NA,NA,61,2,0.0561003964241715,0.0578124955577691,709,0,0,0,0.0607469883957631,0.0612307963592366,0,0
"2","GB","GBNIR",1893667,NA,NA,NA,NA,0,0,NA,NA,NA,NA,66796807,0.114754098360656,0.100961538461538,NA,NA,61,2,0.0561003964241715,0.0578124955577691,709,0,0,0,0.0607469883957631,0.0612307963592366,0,0
"3","GB","GBSCT",5463300,0.04,0.05,NA,NA,50,2,0.04,0.05,NA,NA,66796807,0.114754098360656,0.100961538461538,NA,NA,61,2,0.0561003964241715,0.0578124955577691,709,0,0,0,0.0607469883957631,0.0612307963592366,0,0
"4","GB","GBWLS",3152879,NA,NA,NA,NA,0,0,NA,NA,NA,NA,66796807,0.114754098360656,0.100961538461538,NA,NA,61,2,0.0561003964241715,0.0578124955577691,709,0,0,0,0.0607469883957631,0.0612307963592366,0,0
