"","countrycode","regioncode","population_region","p_w_regs_only","p_m_regs_only","recent_p_w_regs_only","recent_p_m_regs_only","sumreach_regs","n_obs_regs","p_w_regs","p_m_regs","recent_p_w_regs","recent_p_m_regs","population_country","p_w_country_only","p_m_country_only","recent_p_w_country_only","recent_p_m_country_only","sumreach_country","n_obs_country","p_w_country_rhs","p_m_country_rhs","sumreach_country_rhs","recent_p_w_country_rhs","recent_p_m_country_rhs","recent_sumreach_country_rhs","p_w_country","p_m_country","recent_p_w_country","recent_p_m_country"
"1","GB","GBENG",56286961,0.0503496503496504,0.0610868857324221,0,0,1430,43,0.0503496503496504,0.0610868857324221,0,0,66796807,0.06,0.0666666666666667,0.02,0.0166666666666667,50,2,0.0559128150074782,0.0661592535221498,1782,0,0,1782,0.0560243648162261,0.0661731021341726,0.00054585152838428,0.000454876273653566
"2","GB","GBNIR",1893667,0.0133333333333333,0.00666666666666667,0,0,75,3,0.0133333333333333,0.00666666666666667,0,0,66796807,0.06,0.0666666666666667,0.02,0.0166666666666667,50,2,0.0559128150074782,0.0661592535221498,1782,0,0,1782,0.0560243648162261,0.0661731021341726,0.00054585152838428,0.000454876273653566
"3","GB","GBSCT",5463300,0.0387596899224806,0.0884353741496599,0,0,258,7,0.0387596899224806,0.0884353741496599,0,0,66796807,0.06,0.0666666666666667,0.02,0.0166666666666667,50,2,0.0559128150074782,0.0661592535221498,1782,0,0,1782,0.0560243648162261,0.0661731021341726,0.00054585152838428,0.000454876273653566
"4","GB","GBWLS",3152879,0.210526315789474,0.153846153846154,0,0,19,2,0.210526315789474,0.153846153846154,0,0,66796807,0.06,0.0666666666666667,0.02,0.0166666666666667,50,2,0.0559128150074782,0.0661592535221498,1782,0,0,1782,0.0560243648162261,0.0661731021341726,0.00054585152838428,0.000454876273653566
