"","countrycode","regioncode","population_region","p_w_regs_only","p_m_regs_only","recent_p_w_regs_only","recent_p_m_regs_only","sumreach_regs","n_obs_regs","p_w_regs","p_m_regs","recent_p_w_regs","recent_p_m_regs","population_country","p_w_country_only","p_m_country_only","recent_p_w_country_only","recent_p_m_country_only","sumreach_country","n_obs_country","p_w_country_rhs","p_m_country_rhs","sumreach_country_rhs","recent_p_w_country_rhs","recent_p_m_country_rhs","recent_sumreach_country_rhs","p_w_country","p_m_country","recent_p_w_country","recent_p_m_country"
"1","GB","GBENG",56286961,0.059447983014862,0.0680236086937118,0.00110823790173624,0.00160919540229885,2826,97,0.059447983014862,0.0680236086937118,0.00110823790173624,0.00160919540229885,66796807,0.05,0.0514285714285714,0,0,120,2,0.0559544814583566,0.0637606658766259,3487,0.000933867146580069,0.00135600372111461,3487,0.0557563839327113,0.0633503938129258,0.000902798652654477,0.00131089131564365
"2","GB","GBNIR",1893667,0.01,0.01,0,0,200,2,0.01,0.01,0,0,66796807,0.05,0.0514285714285714,0,0,120,2,0.0559544814583566,0.0637606658766259,3487,0.000933867146580069,0.00135600372111461,3487,0.0557563839327113,0.0633503938129258,0.000902798652654477,0.00131089131564365
"3","GB","GBSCT",5463300,0.0681818181818182,0.0752713585434174,0,0,396,14,0.0681818181818182,0.0752713585434174,0,0,66796807,0.05,0.0514285714285714,0,0,120,2,0.0559544814583566,0.0637606658766259,3487,0.000933867146580069,0.00135600372111461,3487,0.0557563839327113,0.0633503938129258,0.000902798652654477,0.00131089131564365
"4","GB","GBWLS",3152879,0,0,0,0,65,3,0,0,0,0,66796807,0.05,0.0514285714285714,0,0,120,2,0.0559544814583566,0.0637606658766259,3487,0.000933867146580069,0.00135600372111461,3487,0.0557563839327113,0.0633503938129258,0.000902798652654477,0.00131089131564365
