"","countrycode","regioncode","population_region","p_w_regs_only","p_m_regs_only","recent_p_w_regs_only","recent_p_m_regs_only","sumreach_regs","n_obs_regs","p_w_regs","p_m_regs","recent_p_w_regs","recent_p_m_regs","population_country","p_w_country_only","p_m_country_only","recent_p_w_country_only","recent_p_m_country_only","sumreach_country","n_obs_country","p_w_country_rhs","p_m_country_rhs","sumreach_country_rhs","recent_p_w_country_rhs","recent_p_m_country_rhs","recent_sumreach_country_rhs","p_w_country","p_m_country","recent_p_w_country","recent_p_m_country"
"1","GB","GBENG",56286961,0.057837384744342,0.0679584854155187,0.000903342366757001,0.00130841121495327,3579,122,0.057837384744342,0.0679584854155187,0.000903342366757001,0.00130841121495327,66796807,0.06,0.0644444444444444,0.01,0.0111111111111111,100,3,0.0683701889165987,0.079194145787481,4331,0.000761209986688421,0.00110254508165394,4331,0.0681812882414329,0.0788612705596986,0.000969713485070537,0.00132842109224877
"2","GB","GBNIR",1893667,0.0114285714285714,0.0075,0,0,175,4,0.0114285714285714,0.0075,0,0,66796807,0.06,0.0644444444444444,0.01,0.0111111111111111,100,3,0.0683701889165987,0.079194145787481,4331,0.000761209986688421,0.00110254508165394,4331,0.0681812882414329,0.0788612705596986,0.000969713485070537,0.00132842109224877
"3","GB","GBSCT",5463300,0.0585106382978723,0.0879359243697479,0,0,564,18,0.0585106382978723,0.0879359243697479,0,0,66796807,0.06,0.0644444444444444,0.01,0.0111111111111111,100,3,0.0683701889165987,0.079194145787481,4331,0.000761209986688421,0.00110254508165394,4331,0.0681812882414329,0.0788612705596986,0.000969713485070537,0.00132842109224877
"4","GB","GBWLS",3152879,0.307692307692308,0.307692307692308,0,0,13,1,0.307692307692308,0.307692307692308,0,0,66796807,0.06,0.0644444444444444,0.01,0.0111111111111111,100,3,0.0683701889165987,0.079194145787481,4331,0.000761209986688421,0.00110254508165394,4331,0.0681812882414329,0.0788612705596986,0.000969713485070537,0.00132842109224877
