"","countrycode","regioncode","population_region","p_w_regs_only","p_m_regs_only","recent_p_w_regs_only","recent_p_m_regs_only","sumreach_regs","n_obs_regs","p_w_regs","p_m_regs","recent_p_w_regs","recent_p_m_regs","population_country","p_w_country_only","p_m_country_only","recent_p_w_country_only","recent_p_m_country_only","sumreach_country","n_obs_country","p_w_country_rhs","p_m_country_rhs","sumreach_country_rhs","recent_p_w_country_rhs","recent_p_m_country_rhs","recent_sumreach_country_rhs","p_w_country","p_m_country","recent_p_w_country","recent_p_m_country"
"1","GB","GBENG",56286961,0.0589791060565988,0.0692065251616663,0.000849136711010473,0.0012280701754386,3781,128,0.0589791060565988,0.0692065251616663,0.000849136711010473,0.0012280701754386,66796807,0.06,0.0644444444444444,0.01,0.0111111111111111,100,3,0.057499848670993,0.0701991874946379,4689,0.000715533078344819,0.00103484494506115,4689,0.0575520547960506,0.070079021634329,0.00090940375952367,0.00124524933357754
"2","GB","GBNIR",1893667,0.0109090909090909,0.008,0,0,275,5,0.0109090909090909,0.008,0,0,66796807,0.06,0.0644444444444444,0.01,0.0111111111111111,100,3,0.057499848670993,0.0701991874946379,4689,0.000715533078344819,0.00103484494506115,4689,0.0575520547960506,0.070079021634329,0.00090940375952367,0.00124524933357754
"3","GB","GBSCT",5463300,0.0586145648312611,0.0833077178239717,0,0,563,19,0.0586145648312611,0.0833077178239717,0,0,66796807,0.06,0.0644444444444444,0.01,0.0111111111111111,100,3,0.057499848670993,0.0701991874946379,4689,0.000715533078344819,0.00103484494506115,4689,0.0575520547960506,0.070079021634329,0.00090940375952367,0.00124524933357754
"4","GB","GBWLS",3152879,0.0571428571428571,0.102564102564103,0,0,70,3,0.0571428571428571,0.102564102564103,0,0,66796807,0.06,0.0644444444444444,0.01,0.0111111111111111,100,3,0.057499848670993,0.0701991874946379,4689,0.000715533078344819,0.00103484494506115,4689,0.0575520547960506,0.070079021634329,0.00090940375952367,0.00124524933357754
