"","countrycode","regioncode","population_region","p_w_regs_only","p_m_regs_only","recent_p_w_regs_only","recent_p_m_regs_only","sumreach_regs","n_obs_regs","p_w_regs","p_m_regs","recent_p_w_regs","recent_p_m_regs","population_country","p_w_country_only","p_m_country_only","recent_p_w_country_only","recent_p_m_country_only","sumreach_country","n_obs_country","p_w_country_rhs","p_m_country_rhs","sumreach_country_rhs","recent_p_w_country_rhs","recent_p_m_country_rhs","recent_sumreach_country_rhs","p_w_country","p_m_country","recent_p_w_country","recent_p_m_country"
"1","GB","GBENG",56286961,0.0498269896193772,0.0609880952380952,0.00214132762312634,0.00304347826086957,1445,50,0.0498269896193772,0.0609880952380952,0.00214132762312634,0.00304347826086957,66796807,0.05,0.0514285714285714,0,0,120,2,0.0554154759013577,0.0601273083027899,1666,0.00180440996844557,0.00256461573341242,1666,0.0550516141386685,0.059542846698699,0.00168317301647834,0.00239230112646422
"2","GB","GBNIR",1893667,0.01,0.01,0,0,100,1,0.01,0.01,0,0,66796807,0.05,0.0514285714285714,0,0,120,2,0.0554154759013577,0.0601273083027899,1666,0.00180440996844557,0.00256461573341242,1666,0.0550516141386685,0.059542846698699,0.00168317301647834,0.00239230112646422
"3","GB","GBSCT",5463300,0.160714285714286,0.103333333333333,0,0,56,5,0.160714285714286,0.103333333333333,0,0,66796807,0.05,0.0514285714285714,0,0,120,2,0.0554154759013577,0.0601273083027899,1666,0.00180440996844557,0.00256461573341242,1666,0.0550516141386685,0.059542846698699,0.00168317301647834,0.00239230112646422
"4","GB","GBWLS",3152879,0,0,0,0,65,3,0,0,0,0,66796807,0.05,0.0514285714285714,0,0,120,2,0.0554154759013577,0.0601273083027899,1666,0.00180440996844557,0.00256461573341242,1666,0.0550516141386685,0.059542846698699,0.00168317301647834,0.00239230112646422
