"","countrycode","regioncode","population_region","p_w_regs_only","p_m_regs_only","recent_p_w_regs_only","recent_p_m_regs_only","sumreach_regs","n_obs_regs","p_w_regs","p_m_regs","recent_p_w_regs","recent_p_m_regs","population_country","p_w_country_only","p_m_country_only","recent_p_w_country_only","recent_p_m_country_only","sumreach_country","n_obs_country","p_w_country_rhs","p_m_country_rhs","sumreach_country_rhs","recent_p_w_country_rhs","recent_p_m_country_rhs","recent_sumreach_country_rhs","p_w_country","p_m_country","recent_p_w_country","recent_p_m_country"
"1","GB","GBENG",56286961,0.0600461893764434,0.0698655913978495,NA,NA,866,24,0.0600461893764434,0.0698655913978495,NA,NA,66796807,0.0769230769230769,0.0769230769230769,NA,NA,13,1,0.0568570344930281,0.0667808888816306,1116,0,0,0,0.0570880872402297,0.0668976722691761,0,0
"2","GB","GBNIR",1893667,NA,NA,NA,NA,0,0,NA,NA,NA,NA,66796807,0.0769230769230769,0.0769230769230769,NA,NA,13,1,0.0568570344930281,0.0667808888816306,1116,0,0,0,0.0570880872402297,0.0668976722691761,0,0
"3","GB","GBSCT",5463300,0.024,0.035,NA,NA,250,4,0.024,0.035,NA,NA,66796807,0.0769230769230769,0.0769230769230769,NA,NA,13,1,0.0568570344930281,0.0667808888816306,1116,0,0,0,0.0570880872402297,0.0668976722691761,0,0
"4","GB","GBWLS",3152879,NA,NA,NA,NA,0,0,NA,NA,NA,NA,66796807,0.0769230769230769,0.0769230769230769,NA,NA,13,1,0.0568570344930281,0.0667808888816306,1116,0,0,0,0.0570880872402297,0.0668976722691761,0,0
