"","countrycode","regioncode","population_region","p_w_regs_only","p_m_regs_only","recent_p_w_regs_only","recent_p_m_regs_only","sumreach_regs","n_obs_regs","p_w_regs","p_m_regs","recent_p_w_regs","recent_p_m_regs","population_country","p_w_country_only","recent_p_w_country_only","sumreach_country","n_obs_country","p_w_country_rhs","sumreach_country_rhs","recent_p_w_country_rhs","recent_sumreach_country_rhs","p_w_country","recent_p_w_country"
"1","GB","GBENG",56286961,0.0564410765612752,0.0661386165078201,0.000838222967309304,0.0012280701754386,3827,128,0.0564410765612752,0.0661386165078201,0.000838222967309304,0.0012280701754386,66796807,0.0529411764705882,0.00588235294117647,170,4,0.0558709855183453,4649,0.000706336509022701,4649,0.0557676305612756,0.000888930987849457
"2","GB","GBNIR",1893667,0.0109090909090909,0.008,0,0,275,5,0.0109090909090909,0.008,0,0,66796807,0.0529411764705882,0.00588235294117647,170,4,0.0558709855183453,4649,0.000706336509022701,4649,0.0557676305612756,0.000888930987849457
"3","GB","GBSCT",5463300,0.0682302771855011,0.0873803688141923,0,0,469,18,0.0682302771855011,0.0873803688141923,0,0,66796807,0.0529411764705882,0.00588235294117647,170,4,0.0558709855183453,4649,0.000706336509022701,4649,0.0557676305612756,0.000888930987849457
"4","GB","GBWLS",3152879,0.0512820512820513,0.0769230769230769,0,0,78,4,0.0512820512820513,0.0769230769230769,0,0,66796807,0.0529411764705882,0.00588235294117647,170,4,0.0558709855183453,4649,0.000706336509022701,4649,0.0557676305612756,0.000888930987849457
