"","countrycode","regioncode","population_region","p_w_regs_only","p_m_regs_only","recent_p_w_regs_only","recent_p_m_regs_only","sumreach_regs","n_obs_regs","p_w_regs","p_m_regs","recent_p_w_regs","recent_p_m_regs","population_country","p_w_country_only","p_m_country_only","recent_p_w_country_only","recent_p_m_country_only","sumreach_country","n_obs_country","p_w_country_rhs","p_m_country_rhs","sumreach_country_rhs","recent_p_w_country_rhs","recent_p_m_country_rhs","recent_sumreach_country_rhs","p_w_country","p_m_country","recent_p_w_country","recent_p_m_country"
"1","GB","GBENG",56286961,0.0568870160653147,0.0666593930157557,0.00084530853761623,0.00123893805309735,3797,127,0.0568870160653147,0.0666593930157557,0.00084530853761623,0.00123893805309735,66796807,0.0529411764705882,0.0590476190476191,0.00588235294117647,0.00833333333333333,170,4,0.0565957148665492,0.0683859239713703,4605,0.00071230723183777,0.00104400286492895,4605,0.0564656056461695,0.0680534607594253,0.000896371686411085,0.00130351829521769
"2","GB","GBNIR",1893667,0.0109090909090909,0.008,0,0,275,5,0.0109090909090909,0.008,0,0,66796807,0.0529411764705882,0.0590476190476191,0.00588235294117647,0.00833333333333333,170,4,0.0565957148665492,0.0683859239713703,4605,0.00071230723183777,0.00104400286492895,4605,0.0564656056461695,0.0680534607594253,0.000896371686411085,0.00130351829521769
"3","GB","GBSCT",5463300,0.0691144708423326,0.0873803688141923,0,0,463,18,0.0691144708423326,0.0873803688141923,0,0,66796807,0.0529411764705882,0.0590476190476191,0.00588235294117647,0.00833333333333333,170,4,0.0565957148665492,0.0683859239713703,4605,0.00071230723183777,0.00104400286492895,4605,0.0564656056461695,0.0680534607594253,0.000896371686411085,0.00130351829521769
"4","GB","GBWLS",3152879,0.0571428571428571,0.102564102564103,0,0,70,3,0.0571428571428571,0.102564102564103,0,0,66796807,0.0529411764705882,0.0590476190476191,0.00588235294117647,0.00833333333333333,170,4,0.0565957148665492,0.0683859239713703,4605,0.00071230723183777,0.00104400286492895,4605,0.0564656056461695,0.0680534607594253,0.000896371686411085,0.00130351829521769
