"","countrycode","regioncode","population_region","p_w_regs_only","p_m_regs_only","recent_p_w_regs_only","recent_p_m_regs_only","sumreach_regs","n_obs_regs","p_w_regs","p_m_regs","recent_p_w_regs","recent_p_m_regs","population_country","p_w_country_only","p_m_country_only","recent_p_w_country_only","recent_p_m_country_only","sumreach_country","n_obs_country","p_w_country_rhs","p_m_country_rhs","sumreach_country_rhs","recent_p_w_country_rhs","recent_p_m_country_rhs","recent_sumreach_country_rhs","p_w_country","p_m_country","recent_p_w_country","recent_p_m_country"
"1","GB","GBENG",56286961,0.0464807436918991,0.0447619047619048,0,0,753,21,0.0464807436918991,0.0447619047619048,0,0,66796807,0.0428571428571429,0.0428571428571429,0,0,70,1,0.040310219311992,0.0388195638549853,838,0,0,838,0.0405065680434463,0.0391308309586758,0,0
"2","GB","GBNIR",1893667,NA,NA,NA,NA,0,0,NA,NA,NA,NA,66796807,0.0428571428571429,0.0428571428571429,0,0,70,1,0.040310219311992,0.0388195638549853,838,0,0,838,0.0405065680434463,0.0391308309586758,0,0
"3","GB","GBSCT",5463300,0,0,0,0,20,3,0,0,0,0,66796807,0.0428571428571429,0.0428571428571429,0,0,70,1,0.040310219311992,0.0388195638549853,838,0,0,838,0.0405065680434463,0.0391308309586758,0,0
"4","GB","GBWLS",3152879,0,0,0,0,65,3,0,0,0,0,66796807,0.0428571428571429,0.0428571428571429,0,0,70,1,0.040310219311992,0.0388195638549853,838,0,0,838,0.0405065680434463,0.0391308309586758,0,0
