"","countrycode","regioncode","population_region","p_w_regs_only","p_m_regs_only","recent_p_w_regs_only","recent_p_m_regs_only","sumreach_regs","n_obs_regs","p_w_regs","p_m_regs","recent_p_w_regs","recent_p_m_regs","population_country","p_w_country_only","recent_p_w_country_only","sumreach_country","n_obs_country","p_w_country_rhs","sumreach_country_rhs","recent_p_w_country_rhs","recent_sumreach_country_rhs","p_w_country","recent_p_w_country"
"1","GB","GBENG",56286961,0.0581460674157303,0.0690911268391107,0.000908540278619019,0.00133333333333333,3560,120,0.0581460674157303,0.0690911268391107,0.000908540278619019,0.00133333333333333,66796807,0.06,0.01,100,3,0.06770014090371,4342,0.000765590056266579,4342,0.0675267923916949,0.000973478618709925
"2","GB","GBNIR",1893667,0.0114285714285714,0.0075,0,0,175,4,0.0114285714285714,0.0075,0,0,66796807,0.06,0.01,100,3,0.06770014090371,4342,0.000765590056266579,4342,0.0675267923916949,0.000973478618709925
"3","GB","GBSCT",5463300,0.0471380471380471,0.0758988873327109,0,0,594,18,0.0471380471380471,0.0758988873327109,0,0,66796807,0.06,0.01,100,3,0.06770014090371,4342,0.000765590056266579,4342,0.0675267923916949,0.000973478618709925
"4","GB","GBWLS",3152879,0.307692307692308,0.307692307692308,0,0,13,1,0.307692307692308,0.307692307692308,0,0,66796807,0.06,0.01,100,3,0.06770014090371,4342,0.000765590056266579,4342,0.0675267923916949,0.000973478618709925
